{"personatges":[{"name":"gormiti","player":"alvaro","class":"Adventurer","xp":136,"body":1,"mind":8,"spirit":6},{"name":"josen","player":"alvaro","class":"Mage","xp":136,"body":0,"mind":8,"spirit":1},{"name":"curazao","player":"alvaro","class":"Paladin","xp":736,"body":1,"mind":7,"spirit":1},{"name":"Pruebaka","player":"alvaro","class":"Warrior","xp":400,"body":1,"mind":1,"spirit":0},{"name":"PruebaFinal","player":"alvaro","class":"Warrior","xp":300,"body":1,"mind":2,"spirit":1},{"name":"pelele","player":"lolito","class":"Cleric","xp":0,"body":1,"mind":1,"spirit":1},{"name":"Jose","player":"alvaro","class":"Mage","xp":100,"body":2,"mind":1,"spirit":3}]}